,0,1,2,3,4
0,USA-CA,True,2021-02-28 07:19:02,,
1,USA-DE,True,2021-02-28 07:09:22,,
2,USA-CA,True,2021-02-28 07:05:37,,
3,USA-CA,True,2021-02-28 07:00:10,,
4,USA-FL,True,2021-02-28 06:57:39,,
5,USA-NY,True,2021-02-28 06:54:28,RTX 3070,
6,USA-CA,True,2021-02-28 06:54:08,,
7,USA-CA,True,2021-02-28 06:39:22,,
8,USA-GA,True,2021-02-28 06:34:21,,
9,USA-TX,True,2021-02-28 06:34:07,RTX 3070,
10,USA-CA,True,2021-02-28 06:32:49,,
11,USA-CA,True,2021-02-28 06:31:36,,
12,USA-CA,True,2021-02-28 06:28:37,,
13,USA-CA,True,2021-02-28 06:23:58,,
14,USA-CA,True,2021-02-28 06:21:59,,
15,CAN-ON,True,2021-02-28 06:19:22,,
16,USA-NY,True,2021-02-28 06:18:04,,
17,USA-CA,True,2021-02-28 06:15:05,,
18,USA-NY,True,2021-02-28 06:05:34,,
19,USA-CA,True,2021-02-28 05:59:05,,
20,USA-ID,True,2021-02-28 05:58:23,,
21,USA-GA,True,2021-02-28 05:46:15,,
22,USA-CA,True,2021-02-28 05:42:23,,
23,USA-MI,True,2021-02-28 05:39:10,,
24,USA-OK,True,2021-02-28 05:37:47,,
25,USA-MI,True,2021-02-28 05:30:39,,
26,USA-OH,True,2021-02-28 05:25:28,,
27,USA-FL,True,2021-02-28 05:21:21,,
28,USA-OR,True,2021-02-28 05:20:19,,
29,USA-NY,True,2021-02-28 05:16:27,,
30,USA-TX,True,2021-02-28 05:13:48,,
31,USA-TX,True,2021-02-28 05:02:08,,
32,USA-UT,True,2021-02-28 04:50:22,,
33,USA-FL,True,2021-02-28 04:37:28,,
34,USA-NC,True,2021-02-28 04:35:40,,
35,USA-NC,True,2021-02-28 04:35:33,,
36,USA-CA,True,2021-02-28 04:34:51,,
37,USA-MN,True,2021-02-28 04:34:46,,
38,USA-MN,True,2021-02-28 04:34:46,,
39,USA-PA,True,2021-02-28 04:27:38,RTX 3070,
40,USA-AR,True,2021-02-28 04:23:59,,
41,USA-SC,True,2021-02-28 04:21:41,,
42,USA-CA,True,2021-02-28 04:15:12,RTX 2070,550.
43,USA-CA,True,2021-02-28 04:10:22,,
44,USA-NY,True,2021-02-28 04:10:13,,
45,USA-TX,True,2021-02-28 04:09:53,,
46,USA-OK,True,2021-02-28 04:08:35,,
47,USA-FL,True,2021-02-28 04:07:29,,
48,USA-TX,True,2021-02-28 04:02:30,,
49,USA-CO,True,2021-02-28 04:02:11,,
50,USA-PA,True,2021-02-28 03:57:53,,
51,USA-IL,True,2021-02-28 03:55:18,,
52,USA-TX,True,2021-02-28 03:53:34,,
53,USA-FL,True,2021-02-28 03:40:22,,
54,USA-CA,True,2021-02-28 03:35:38,,
55,USA-CA,True,2021-02-28 03:34:52,,
56,USA-FL,True,2021-02-28 03:31:50,,
57,USA-CA,True,2021-02-28 03:30:04,,
58,USA-MI,True,2021-02-28 03:29:16,,
59,USA-TX,True,2021-02-28 03:28:16,,
60,USA-SC,True,2021-02-28 03:27:47,,
61,USA-CA,True,2021-02-28 03:24:59,GeForce GTX 1070,
62,USA-NY,True,2021-02-28 03:23:32,,
63,USA-MN,True,2021-02-28 03:21:20,,
64,USA-KY,True,2021-02-28 03:21:12,,
65,USA-PA,True,2021-02-28 03:20:39,,
66,USA-CA,True,2021-02-28 03:20:04,,
67,USA-SC,True,2021-02-28 03:18:20,,
68,USA-TX,True,2021-02-28 03:17:06,,
69,USA-NC,True,2021-02-28 03:14:22,,
70,USA-WA,True,2021-02-28 03:09:39,,
71,USA-DC,True,2021-02-28 03:03:25,,
72,USA-WA,True,2021-02-28 03:02:52,,
73,USA-AZ,True,2021-02-28 03:01:14,,
74,USA-GA,True,2021-02-28 03:00:58,,
75,USA-NY,True,2021-02-28 02:58:51,,
76,USA-PA,True,2021-02-28 02:57:19,,
77,USA-CA,True,2021-02-28 02:56:17,RTX 2070,
78,USA-GA,True,2021-02-28 02:55:23,,
79,USA-GA,True,2021-02-28 02:53:31,,
80,USA-FL,True,2021-02-28 02:48:28,,
81,USA-AZ,True,2021-02-28 02:45:50,,
82,USA-OH,True,2021-02-28 02:45:38,RX 6800,
83,USA-NY,True,2021-02-28 02:43:18,,
84,USA-NY,True,2021-02-28 02:40:52,,
85,USA-NY,True,2021-02-28 02:38:49,,
86,USA-CA,True,2021-02-28 02:34:21,,
87,USA-CA,True,2021-02-28 02:33:42,,
88,USA-NY,True,2021-02-28 02:32:58,,
89,USA-CA,True,2021-02-28 02:27:32,,
90,USA-TX,True,2021-02-28 02:27:26,,
91,USA-SC,True,2021-02-28 02:24:53,,
92,USA-VA,True,2021-02-28 02:24:00,,
93,USA-FL,True,2021-02-28 02:22:33,,
94,USA-WV,True,2021-02-28 02:20:29,,
95,USA-CO,True,2021-02-28 02:18:37,,
96,USA-FL,True,2021-02-28 02:13:28,,
97,USA-IN,True,2021-02-28 02:11:55,,
98,USA-TX,True,2021-02-28 02:11:00,,
99,USA-NYC,True,2021-02-28 02:05:13,RTX 3090,
100,USA-IN,True,2021-02-28 02:00:56,,
101,USA-UT,True,2021-02-28 01:59:17,,
102,USA-VA,True,2021-02-28 01:55:59,RTX 3080,1200
103,USA-FL,True,2021-02-28 01:53:43,,
104,USA-CA,True,2021-02-28 01:46:03,,
105,USA-NY,True,2021-02-28 01:45:22,,
106,USA-MD,True,2021-02-28 01:42:30,,
107,USA-MA,True,2021-02-28 01:31:44,,
108,USA-NY,True,2021-02-28 01:31:31,RTX 3080,
109,USA-CA,True,2021-02-28 01:29:52,,
110,USA-AZ,True,2021-02-28 01:27:06,,
111,USA-DE,True,2021-02-28 01:26:36,,
112,USA-TX,True,2021-02-28 01:26:16,,
113,USA-PA,True,2021-02-28 01:24:25,,
114,USA-GA,True,2021-02-28 01:23:53,,
115,USA-WI,True,2021-02-28 01:23:36,,
116,USA-LA,True,2021-02-28 01:22:55,RTX 2070,
117,USA-CT,True,2021-02-28 01:22:19,,
118,USA-CA,True,2021-02-28 01:21:53,,
119,USA-AZ,True,2021-02-28 01:20:39,,
120,USA-CA,True,2021-02-28 01:18:13,RTX 2070,
121,USA-FL,True,2021-02-28 01:16:59,,
122,USA-OR,True,2021-02-28 01:15:24,,
123,USA-CO,True,2021-02-28 01:11:25,,
124,USA-ND,True,2021-02-28 01:08:58,GeForce GTX 1080,OBO-
125,USA-TX,True,2021-02-28 01:07:04,RTX 3090,
126,USA-SC,True,2021-02-28 01:02:10,,
127,USA-CT,True,2021-02-28 01:00:04,RTX 2070,
128,USA-NJ,True,2021-02-28 00:54:10,,
129,USA-VA,True,2021-02-28 00:52:30,,
130,USA-GA,True,2021-02-28 00:48:48,,
131,USA-NJ,True,2021-02-28 00:44:53,,
132,USA-NY,True,2021-02-28 00:43:11,,
133,USA-AR,True,2021-02-28 00:38:32,,
134,USA-CA,True,2021-02-28 00:37:00,,
135,USA-GA,True,2021-02-28 00:33:42,,
136,USA-OH,True,2021-02-28 00:28:24,,
137,USA-AR,True,2021-02-28 00:28:16,,
138,USA-CA,True,2021-02-28 00:23:59,,
139,USA-CA,True,2021-02-28 00:22:15,,
140,USA-PA,True,2021-02-28 00:21:38,,
141,USA-MO,True,2021-02-28 00:18:32,,
142,USA-CA,True,2021-02-28 00:09:59,,
143,USA-CA,True,2021-02-28 00:09:44,,
144,USA-NY,True,2021-02-28 00:09:07,,
145,USA-TX,True,2021-02-28 00:07:19,,
146,USA-IL,True,2021-02-28 00:02:06,,
147,USA-OR,True,2021-02-28 00:01:40,,
148,USA-NY,True,2021-02-28 00:01:12,,
149,USA-CA,True,2021-02-28 00:00:36,RTX 3070,
150,USA-NY,True,2021-02-28 00:00:06,,
151,USA-CA,True,2021-02-27 23:59:43,,
152,USA-TX,True,2021-02-27 23:59:14,,
153,USA-CA,True,2021-02-27 23:53:52,,
154,USA-CA,True,2021-02-27 23:53:15,,
155,USA-CA,True,2021-02-27 23:52:30,,
156,USA-GA,True,2021-02-27 23:49:47,,
157,USA-FPO,True,2021-02-27 23:43:51,,
158,USA-NV,True,2021-02-27 23:42:51,,
159,USA-CA,True,2021-02-27 23:42:12,,
160,USA-LA,True,2021-02-27 23:41:54,,
161,USA-IL,True,2021-02-27 23:41:31,,
162,USA-TN,True,2021-02-27 23:40:41,,
163,USA-MS,True,2021-02-27 23:39:22,,
164,USA-TX,True,2021-02-27 23:34:33,,
165,USA-AL,True,2021-02-27 23:34:04,,
166,USA-WA,True,2021-02-27 23:33:56,,
167,USA-CA,True,2021-02-27 23:33:37,,
168,USA-CA,True,2021-02-27 23:31:48,,
169,USA-TX,True,2021-02-27 23:31:32,,
170,USA-NY,True,2021-02-27 23:29:47,RTX 3070,
171,USA-IL,True,2021-02-27 23:26:43,,
172,USA-NY,True,2021-02-27 23:22:41,,
173,USA-MA,True,2021-02-27 23:16:58,,
174,USA-NJ,True,2021-02-27 23:15:57,RTX 3090,
175,USA-MA,True,2021-02-27 23:14:55,,
176,USA-CT,True,2021-02-27 23:13:55,,
177,USA-MA,True,2021-02-27 23:07:19,RTX 3080,
178,USA-TN,True,2021-02-27 23:02:35,,
179,USA-CA,True,2021-02-27 23:02:19,RTX 2070,
180,USA-CA,True,2021-02-27 23:02:16,,
181,USA-NJ,True,2021-02-27 23:01:16,,
182,USA-AZ,True,2021-02-27 22:58:26,,
183,USA-TX,True,2021-02-27 22:58:01,,
184,USA-MI,True,2021-02-27 22:56:18,,
185,USA-SC,True,2021-02-27 22:43:55,,
186,US-NJ,True,2021-02-27 22:43:29,Quadro,
187,USA-AZ,True,2021-02-27 22:42:41,RTX 3090,2200
188,USA-CT,True,2021-02-27 22:32:00,,
189,USA-MD,True,2021-02-27 22:29:25,,
190,USA-CA,True,2021-02-27 22:23:26,,
191,USA-NY,True,2021-02-27 22:22:01,,
192,USA-WA,True,2021-02-27 22:19:21,,
193,USA-MN,True,2021-02-27 22:18:38,,
194,USA-ID,True,2021-02-27 22:15:24,,
195,USA-GA,True,2021-02-27 22:15:01,,
196,USA-CA,True,2021-02-27 22:15:00,,
197,USA-GA,True,2021-02-27 22:15:00,,
198,USA-CA,True,2021-02-27 22:14:42,,
199,USA-PA,True,2021-02-27 22:14:03,,
200,USA-NV,True,2021-02-27 22:12:04,,
201,USA-NJ,True,2021-02-27 22:09:11,,
202,USA-NC,True,2021-02-27 22:08:16,,
203,USA-TX,True,2021-02-27 22:06:20,,
204,USA-AZ,True,2021-02-27 22:06:14,,
205,USA-DE,True,2021-02-27 22:05:17,,
206,USA-CA,True,2021-02-27 22:03:55,,
207,USA-PA,True,2021-02-27 22:02:08,,
208,USA-GA,True,2021-02-27 22:01:11,,
209,USA-NY,True,2021-02-27 21:54:13,,
210,USA-PA,True,2021-02-27 21:48:20,,
211,USA-MI,True,2021-02-27 21:47:35,,
212,USA-CA,True,2021-02-27 21:44:15,,
213,USA-NC,True,2021-02-27 21:43:40,,
214,USA-UT,True,2021-02-27 21:41:53,,
215,USA-OH,True,2021-02-27 21:35:19,,
216,USA-CA,True,2021-02-27 21:33:45,,
217,USA-NY,True,2021-02-27 21:32:24,,
218,USA-CA,True,2021-02-27 21:26:33,,
219,USA-PA,True,2021-02-27 21:23:48,,
220,USA-MN,True,2021-02-27 21:23:09,,
221,USA-MA,True,2021-02-27 21:18:29,RTX 3070,1100
222,USA-NYC,True,2021-02-27 21:17:01,,
223,USA-TX,True,2021-02-27 21:16:00,,
224,USA-VA,True,2021-02-27 21:15:34,,
225,USA-MN,True,2021-02-27 21:13:25,,
226,USA-CA,True,2021-02-27 21:12:23,,
227,USA-NY,True,2021-02-27 21:12:13,,
228,USA-NJ,True,2021-02-27 21:12:01,,
229,USA-GA,True,2021-02-27 21:11:17,,
230,USA-VA,True,2021-02-27 21:10:30,,
231,USA-LA,True,2021-02-27 21:10:12,RTX 3080,
232,US-CA,True,2021-02-27 21:09:55,,
233,US-TX,True,2021-02-27 21:07:20,Quadro,3000
234,USA-VA,True,2021-02-27 21:05:50,,
235,USA-TX,True,2021-02-27 21:05:10,,
236,USA-PA,True,2021-02-27 21:02:23,,
237,USA-IL,True,2021-02-27 21:01:08,,
238,USA-IL,True,2021-02-27 21:01:03,,
239,USA-PA,True,2021-02-27 20:58:45,,
240,USA-MN,True,2021-02-27 20:58:28,RX 6800,1200
241,USA-CT,True,2021-02-27 20:57:58,,
242,USA-CA,True,2021-02-27 20:50:54,,
243,USA-NY,True,2021-02-27 20:50:50,,
244,USA-OR,True,2021-02-27 20:48:32,,
245,USA-GA,True,2021-02-27 20:39:44,,
246,USA-TN,True,2021-02-27 20:35:03,,
247,USA-NY,True,2021-02-27 20:33:24,,
248,USA-MA,True,2021-02-27 20:31:45,,
249,USA-IL,True,2021-02-27 20:31:43,,
250,USA-PA,True,2021-02-27 20:31:26,,
251,USA-NY,True,2021-02-27 20:29:49,,
252,USA-PA,True,2021-02-27 20:27:57,,
253,USA-WA,True,2021-02-27 20:26:17,,
254,USA-TX,True,2021-02-27 20:25:07,,
255,USA-IL,True,2021-02-27 20:24:52,RTX 3080,
256,USA-NJ,True,2021-02-27 20:22:51,,
257,USA-TN,True,2021-02-27 20:22:48,,
258,USA-NC,True,2021-02-27 20:18:58,,
259,USA-CA,True,2021-02-27 20:18:36,,
260,USA-TX,True,2021-02-27 20:16:17,,
261,USA-VA,True,2021-02-27 20:12:10,,
262,USA-OR,True,2021-02-27 20:11:56,,
263,USA-TX,True,2021-02-27 20:11:21,RTX 3080,
264,US-CA,True,2021-02-27 20:08:02,,
265,USA-NJ,True,2021-02-27 20:03:27,,
266,USA-CO,True,2021-02-27 20:02:38,,
267,USA-NY,True,2021-02-27 20:00:40,,
268,USA-MA,True,2021-02-27 19:58:42,,
269,USA-IL,True,2021-02-27 19:58:02,,
270,USA-NY,True,2021-02-27 19:56:33,,
271,USA-NJ,True,2021-02-27 19:56:00,RTX 3060 Ti,
272,USA-LA,True,2021-02-27 19:54:02,RTX 3080,1800
273,USA-MA,True,2021-02-27 19:53:21,,
274,USA-ID,True,2021-02-27 19:49:52,RTX 3070,
275,USA-CA,True,2021-02-27 19:49:48,,
276,USA-NJ,True,2021-02-27 19:48:40,,
277,US-OH,False,2021-02-27 19:39:57,,
278,USA-KS,True,2021-02-27 19:38:06,Quadro,
279,USA-TX,True,2021-02-27 19:35:18,,
280,USA-TX,True,2021-02-27 19:34:38,,
281,USA-CA,True,2021-02-27 19:33:18,,
282,USA-NV,True,2021-02-27 19:28:25,,
283,USA-TN,True,2021-02-27 19:19:30,,
284,USA-CT,True,2021-02-27 19:17:45,,
285,USA-AZ,True,2021-02-27 19:15:55,,
286,USA-MN,True,2021-02-27 19:15:42,,
287,USA-IL,True,2021-02-27 19:13:49,,
288,USA-NH,True,2021-02-27 19:09:55,,
289,USA-CA,True,2021-02-27 19:08:47,,
290,USA-NH,True,2021-02-27 19:07:10,,
291,USA-IL,True,2021-02-27 19:06:57,,
292,USA-CO,True,2021-02-27 19:03:03,,
293,USA-CA,True,2021-02-27 19:02:25,,
294,USA-AR,True,2021-02-27 18:58:44,,
295,USA-NV,True,2021-02-27 18:58:03,,
296,USA-FL,True,2021-02-27 18:56:26,,
297,US-NH,True,2021-02-27 18:55:11,,
298,USA-AE,True,2021-02-27 18:54:12,,
299,USA-NM,True,2021-02-27 18:50:57,Quadro,
300,USA-MD,True,2021-02-27 18:50:51,,
301,USA-PA,True,2021-02-27 18:50:41,,
302,USA-NH,True,2021-02-27 18:50:37,,
303,USA-TX,True,2021-02-27 18:49:46,RTX 3080,
304,USA-OR,True,2021-02-27 18:49:07,,
305,USA-MO,True,2021-02-27 18:47:34,,
306,USA-OH,True,2021-02-27 18:46:51,,
307,USA-NC,True,2021-02-27 18:42:11,,
308,USA-UT,True,2021-02-27 18:40:52,,
309,USA-MA,True,2021-02-27 18:40:02,,
310,USA-MA,True,2021-02-27 18:39:03,RTX 2070,550
311,USA-CA,True,2021-02-27 18:38:40,,
312,USA-WI,True,2021-02-27 18:37:11,,
313,USA-NY,True,2021-02-27 18:33:20,,
314,USA-KY,True,2021-02-27 18:28:08,,
315,ISR,True,2021-02-27 18:26:35,,
316,USA-ME,True,2021-02-27 18:21:23,RTX 3080,
317,USA-VA,True,2021-02-27 18:21:07,RTX 3080,
318,USA-ND,True,2021-02-27 18:20:00,RTX 3080,
319,USA-NJ,True,2021-02-27 18:17:38,,
320,USA-VA,True,2021-02-27 18:16:16,,
321,USA-MD,True,2021-02-27 18:13:12,,
322,USA-MI,True,2021-02-27 18:03:48,,
323,USA-NC,True,2021-02-27 18:01:48,,
324,USA-CA,True,2021-02-27 18:00:57,,
325,USA-RI,True,2021-02-27 18:00:11,,
326,USA-ID,True,2021-02-27 17:55:45,,
327,USA-IL,True,2021-02-27 17:53:45,,
328,USA-NY,True,2021-02-27 17:53:05,,
329,USA-FL,True,2021-02-27 17:52:54,,
330,USA-IN,True,2021-02-27 17:50:12,,
331,USA-FL,True,2021-02-27 17:49:32,,
332,USA-NY,True,2021-02-27 17:48:41,RTX 3070,
333,USA-GA,True,2021-02-27 17:45:51,,
334,USA-SC,True,2021-02-27 17:42:42,,
335,USA-AR,True,2021-02-27 17:40:14,,
336,USA-NJ,True,2021-02-27 17:40:14,,
337,USA-NJ,True,2021-02-27 17:40:07,,
338,USA-IA,True,2021-02-27 17:34:55,,
339,USA-FL,True,2021-02-27 17:32:55,,
340,USA-CO,True,2021-02-27 17:24:18,,
341,USA-NV,True,2021-02-27 17:22:27,,
342,USA-NC,True,2021-02-27 17:20:04,,
343,USA-NC,True,2021-02-27 17:16:40,,
344,USA-AL,True,2021-02-27 17:15:10,,
345,USA-NYC,True,2021-02-27 17:14:36,,
346,USA-MD,True,2021-02-27 17:13:18,,
347,USA-HI,True,2021-02-27 17:06:55,,
348,USA-CA,True,2021-02-27 17:03:43,,
349,USA-NY,True,2021-02-27 17:03:00,RTX 3070,
350,USA-TX,True,2021-02-27 17:02:28,,
351,USA-PA,True,2021-02-27 16:54:26,,
352,USA-CA,True,2021-02-27 16:48:55,RTX 2070,
353,USA-FL,True,2021-02-27 16:39:28,,
354,US-IL,True,2021-02-27 16:38:50,,
355,USA-MS,True,2021-02-27 16:37:33,,
356,USA-MN,True,2021-02-27 16:36:53,,
357,USA-OR,True,2021-02-27 16:34:16,,
358,USA-VA,True,2021-02-27 16:34:05,,
359,USA-TX,True,2021-02-27 16:25:34,,
360,USA-ND,True,2021-02-27 16:16:42,,
361,USA-OH,True,2021-02-27 16:16:30,,
362,USA-OH,True,2021-02-27 16:13:59,,
363,USA-NV,True,2021-02-27 16:12:14,,
364,USA-NYC,True,2021-02-27 16:10:54,,
365,CAN-ON,True,2021-02-27 16:09:52,,
366,USA-CA,True,2021-02-27 16:08:44,,
367,USA-CA,True,2021-02-27 16:07:44,,
368,USA-TX,True,2021-02-27 16:07:08,,
369,USA-TX,True,2021-02-27 16:02:09,,
370,USA-FL,True,2021-02-27 15:59:26,,
371,USA-NC,True,2021-02-27 15:57:55,,
372,ISA-IN,True,2021-02-27 15:48:35,,
373,USA-WA,True,2021-02-27 15:42:40,,
374,USA-MA,True,2021-02-27 15:38:50,,
375,USA-VA,True,2021-02-27 15:35:36,,
376,USA-NYC,True,2021-02-27 15:35:35,,
377,USA-FL,True,2021-02-27 15:32:52,,
378,USA-TX,True,2021-02-27 15:16:39,,
379,USA-NM,True,2021-02-27 15:12:53,RTX 3070,
380,USA-TX,True,2021-02-27 14:36:06,,
381,USA-VA,True,2021-02-27 14:34:41,,
382,USA-MA,True,2021-02-27 14:33:30,,
383,USA-OH,True,2021-02-27 14:33:16,,
384,ESP,True,2021-02-27 14:32:00,RTX 3080,
385,USA-VA,True,2021-02-27 14:23:20,,
386,USA-NC,True,2021-02-27 14:21:01,,
387,USA-MO,True,2021-02-27 14:13:09,RTX 3080,
388,USA-PA,True,2021-02-27 14:11:01,,
389,USA-VA,True,2021-02-27 14:04:25,,
390,USA-IN,True,2021-02-27 13:55:18,Quadro,
391,USA-VA,True,2021-02-27 13:52:49,,
392,USA-TX,True,2021-02-27 13:52:03,,
393,USA-DE,True,2021-02-27 13:45:25,,
394,USA-FL,True,2021-02-27 13:43:01,,
395,USA-MI,True,2021-02-27 13:32:07,,
396,USA-NY,True,2021-02-27 13:23:12,,
397,USA-NJ,True,2021-02-27 13:13:27,,
398,USA-CA,True,2021-02-27 13:11:33,,
399,USA-IL,True,2021-02-27 13:06:58,RTX 3070,
400,USA-MA,True,2021-02-27 13:05:50,,
401,USA-FL,True,2021-02-27 13:01:19,,
402,USA-KY,True,2021-02-27 13:01:08,,
403,CAN-ON,True,2021-02-27 12:50:05,,
404,USA-PR,True,2021-02-27 12:06:31,,
405,USA-NC,True,2021-02-27 11:27:59,,
406,USA-TX,True,2021-02-27 10:23:59,RTX 2070,410
407,USA-GA,True,2021-02-27 10:02:50,,
408,USA-CA,True,2021-02-27 10:01:47,,
409,USA-MD,True,2021-02-27 09:50:38,,
410,USA-PA,True,2021-02-27 09:43:37,,
411,USA-CT,True,2021-02-27 09:39:04,,
412,BEL,True,2021-02-27 09:12:45,RX 6800 XT,
413,USA-IA,True,2021-02-27 09:10:50,,
414,USA-GA,True,2021-02-27 09:00:22,,
415,USA-CA,True,2021-02-27 08:55:03,,
416,USA-OR,True,2021-02-27 08:45:13,RX 6800,
417,USA-CA,True,2021-02-27 07:54:03,,
418,USA-OR,True,2021-02-27 07:28:00,,
419,USA-TX,True,2021-02-27 07:26:19,,
420,USA-SC,True,2021-02-27 07:25:36,,
421,USA-WA,True,2021-02-27 07:16:47,,
422,USA-TX,True,2021-02-27 06:53:32,,
423,USA-TX,True,2021-02-27 06:44:44,,
424,USA-CA,True,2021-02-27 06:35:59,,
425,USA-CA,True,2021-02-27 06:35:48,,
426,USA-AR,True,2021-02-27 06:33:33,,
427,USA-SC,True,2021-02-27 06:32:45,,
428,USA-WA,True,2021-02-27 06:26:33,,
429,USA-WI,True,2021-02-27 06:26:28,,
430,USA-DE,True,2021-02-27 06:19:29,,
431,USA-NY,True,2021-02-27 06:18:14,,
432,USA-TN,True,2021-02-27 06:16:00,,
433,USA-OH,True,2021-02-27 06:11:21,,
434,USA-OH,True,2021-02-27 06:09:03,,
435,USA-CA,True,2021-02-27 06:07:43,,
436,USA-OH,True,2021-02-27 06:07:22,,
437,USA-NY,True,2021-02-27 06:05:28,,
438,USA-OR,True,2021-02-27 06:04:18,,
439,USA-IL,True,2021-02-27 06:02:21,,
440,USA-TX,True,2021-02-27 05:58:33,,
441,USA-CA,True,2021-02-27 05:57:15,RTX 3090,
442,USA-NY,True,2021-02-27 05:52:59,,
443,USA-TX,True,2021-02-27 05:51:51,,
444,USA-AL,True,2021-02-27 05:50:46,,
445,USA-MO,True,2021-02-27 05:41:22,,
446,USA-CA,True,2021-02-27 05:39:43,,
447,USA-CA,True,2021-02-27 05:38:50,RTX 3070,
448,USA-NY,True,2021-02-27 05:35:52,,
449,USA-CA,True,2021-02-27 05:33:26,,
450,USA-CA,True,2021-02-27 05:29:08,,
451,USA-IL,True,2021-02-27 05:21:17,Quadro,200
452,USA-IL,True,2021-02-27 05:18:30,GeForce GTX 1080,550
453,USA-WA,True,2021-02-27 05:16:11,,
454,USA-PA,True,2021-02-27 05:13:48,,
455,USA-NY,True,2021-02-27 05:04:40,,
456,USA-GA,True,2021-02-27 05:03:08,,
457,USA-NY,True,2021-02-27 05:00:50,,
458,USA-TN,True,2021-02-27 04:53:28,,
459,USA-PA,True,2021-02-27 04:40:05,,
460,USA-CA,True,2021-02-27 04:34:33,,
461,USA-CA,True,2021-02-27 04:30:46,,
462,USA-CA,True,2021-02-27 04:24:03,,
463,USA-NY,True,2021-02-27 04:21:14,,
464,USA-SC,True,2021-02-27 04:20:23,,
465,USA-CA,True,2021-02-27 04:19:02,,
466,USA-WA,True,2021-02-27 04:18:59,RTX 3070,
467,USA-AZ,True,2021-02-27 04:14:48,,
468,USA-PA,True,2021-02-27 04:05:28,,
469,USA-MI,True,2021-02-27 03:58:49,,
470,USA-MN,True,2021-02-27 03:57:03,,
471,USA-NY,True,2021-02-27 03:54:50,,
472,USA-FL,True,2021-02-27 03:54:36,,
473,USA-CO,True,2021-02-27 03:48:18,,
474,USA-NV,True,2021-02-27 03:47:23,,
475,USA-PA,True,2021-02-27 03:44:01,,
476,USA-OK,True,2021-02-27 03:33:00,,
477,USA-PA,True,2021-02-27 03:28:58,,
478,USA-IN,True,2021-02-27 03:28:04,,
479,USA-OR,True,2021-02-27 03:25:39,,
480,USA-NY,True,2021-02-27 03:15:25,,
481,USA-PA,True,2021-02-27 03:13:38,RTX 3070,"1,650**"
482,USA-CA,True,2021-02-27 03:11:46,,
483,USA-CA,True,2021-02-27 03:06:30,,
484,USA-CA,True,2021-02-27 03:01:54,,
485,USA-PA,True,2021-02-27 03:01:50,,
486,USA-NJ,True,2021-02-27 03:00:23,,
487,USA-TX,True,2021-02-27 02:58:24,,
488,USA-NC,True,2021-02-27 02:56:16,,
489,USA-VA,True,2021-02-27 02:51:30,,
490,USA-NJ,True,2021-02-27 02:45:05,,
491,USA-OH,True,2021-02-27 02:43:17,,
492,USA-HI,True,2021-02-27 02:39:39,,
493,USA-VA,True,2021-02-27 02:34:20,,
494,USA-NY,True,2021-02-27 02:24:56,,
495,USA-GA,True,2021-02-27 02:22:36,,
496,USA-NYC,True,2021-02-27 02:22:10,,
497,USA-VA,True,2021-02-27 02:20:38,,
498,USA-OH,True,2021-02-27 02:17:47,,
499,USA-IN,True,2021-02-27 02:14:39,RTX 3070,
500,USA-FL,True,2021-02-27 02:13:38,,
501,USA,True,2021-02-27 02:11:40,,
502,USA-WA,True,2021-02-27 02:11:26,,
503,USA-NY,True,2021-02-27 02:10:49,,
504,USA-OH,True,2021-02-27 02:03:05,,
505,USA-CA,True,2021-02-27 01:56:51,,
506,USA-TX,True,2021-02-27 01:51:48,,
507,USA-CA,True,2021-02-27 01:51:46,,
508,USA-MS,True,2021-02-27 01:50:31,Units,
509,USA-CA,True,2021-02-27 01:46:12,,
510,USA-CA,True,2021-02-27 01:42:44,,
511,USA-FL,True,2021-02-27 01:42:08,RTX 2070,
512,USA-NM,True,2021-02-27 01:40:23,,
513,USA-OH,True,2021-02-27 01:36:32,,
514,USA-WA,True,2021-02-27 01:33:09,,
515,USA-DC,True,2021-02-27 01:32:51,,
516,USA-CA,True,2021-02-27 01:31:27,GeForce GTX 1070,
517,USA-SC,True,2021-02-27 01:30:58,,
518,USA-CA,True,2021-02-27 01:28:04,RTX 2070,
519,USA-FL,True,2021-02-27 01:27:25,,
520,USA-NJ,True,2021-02-27 01:27:06,,
521,USA-CA,True,2021-02-27 01:26:56,,
522,USA-NC,True,2021-02-27 01:19:25,,
523,USA-TX,True,2021-02-27 01:14:27,,
524,USA-FL,True,2021-02-27 01:11:47,,
525,USA-OH,True,2021-02-27 01:09:59,,
526,USA-IL,True,2021-02-27 01:09:26,,
527,USA-NY,True,2021-02-27 01:09:16,,
528,USA-TX,True,2021-02-27 01:07:01,,
529,USA-IL,True,2021-02-27 01:06:01,,
530,USA-NY,True,2021-02-27 01:05:05,,
531,USA-OH,True,2021-02-27 01:01:39,,
532,USA-GA,True,2021-02-27 00:57:57,,
533,USA-AZ,True,2021-02-27 00:57:49,,
534,USA-VA,True,2021-02-27 00:56:42,,
535,USA-NY,True,2021-02-27 00:55:47,,
536,USA-MI,True,2021-02-27 00:53:51,,
537,USA-CA,True,2021-02-27 00:52:47,,
538,USA-CA,True,2021-02-27 00:51:41,,
539,USA-CA,True,2021-02-27 00:50:48,,
540,USA-CA,True,2021-02-27 00:49:54,,
541,USA-MD,True,2021-02-27 00:48:45,RTX 3090,
542,USA-CA,True,2021-02-27 00:47:12,RTX 3070,
543,USA-IL,True,2021-02-27 00:45:04,,
544,USA-WA,True,2021-02-27 00:43:08,,
545,USA-NC,True,2021-02-27 00:42:49,,
546,USA-CA,True,2021-02-27 00:39:17,,
547,USA,True,2021-02-27 00:35:38,RTX 2070,
548,USA-WA,True,2021-02-27 00:35:30,,
549,USA-SD,True,2021-02-27 00:31:24,,
550,USA-CA,True,2021-02-27 00:25:35,,
551,USA-OH,True,2021-02-27 00:20:36,RTX 3080,1500
552,USA-TX,True,2021-02-27 00:16:59,RTX 3070,
553,USA-LA,True,2021-02-27 00:15:11,,
554,USA-CA,True,2021-02-27 00:12:29,,
555,USA-NC,True,2021-02-27 00:12:03,,
556,USA-MI,True,2021-02-27 00:11:31,,
557,USA-IL,True,2021-02-27 00:09:34,,
558,USA-FL,True,2021-02-27 00:00:03,,
559,USA-OK,True,2021-02-26 23:57:43,,
560,USA-IL,True,2021-02-26 23:53:12,,
561,USA-NY,True,2021-02-26 23:51:24,,
562,USA-SC,True,2021-02-26 23:48:46,,
563,USA-AR,True,2021-02-26 23:46:36,,
564,USA-IA,True,2021-02-26 23:45:37,,
565,USA-CA,True,2021-02-26 23:42:39,GeForce RTX 3060,
566,USA-GA,True,2021-02-26 23:41:57,,
567,USA-CA,True,2021-02-26 23:40:49,,
568,USA-CA,True,2021-02-26 23:40:33,,
569,USA-CA,True,2021-02-26 23:34:22,,
570,USA-NY,True,2021-02-26 23:31:56,,
571,USA-NJ,True,2021-02-26 23:31:15,,
572,USA-OK,True,2021-02-26 23:27:06,,
573,USA-TX,True,2021-02-26 23:25:20,,
574,USA-IL,True,2021-02-26 23:25:08,,
575,USA-CA,True,2021-02-26 23:23:52,,
576,USA-LA,True,2021-02-26 23:23:30,,
577,USA-FL,True,2021-02-26 23:20:43,,
578,USA-TX,True,2021-02-26 23:15:44,,
579,USA-IL,True,2021-02-26 23:15:25,,
580,USA-OH,True,2021-02-26 23:10:18,,
581,USA-CA,True,2021-02-26 23:08:27,,
582,USA-NY,True,2021-02-26 23:03:03,,
583,USA-OH,True,2021-02-26 23:03:02,,
584,USA-OK,True,2021-02-26 23:02:51,,
585,USA-TX,True,2021-02-26 23:02:10,,
586,USA-WI,True,2021-02-26 22:58:50,,
587,USA-TX,True,2021-02-26 22:58:44,RTX 3080,
588,USA-SC,True,2021-02-26 22:57:00,,
589,USA-KY,True,2021-02-26 22:53:47,,
590,USA-IL,True,2021-02-26 22:48:15,RTX 3080,
591,USA-TX,True,2021-02-26 22:47:56,,
592,USA-CA,True,2021-02-26 22:47:17,,
593,USA-MA,True,2021-02-26 22:43:28,RTX 3070,
594,USA-VA,True,2021-02-26 22:42:19,,
595,USA-TN,True,2021-02-26 22:41:52,,
596,USA-NY,True,2021-02-26 22:40:59,,
597,USA-WI,True,2021-02-26 22:36:43,,
598,USA-OH,True,2021-02-26 22:34:44,,
599,USA-CA,True,2021-02-26 22:30:36,,
600,USA-NC,True,2021-02-26 22:26:38,,
601,USA-CA,True,2021-02-26 22:24:50,,
602,USA-LA,True,2021-02-26 22:22:23,,
603,USA-IL,True,2021-02-26 22:21:48,,
604,USA-MD,True,2021-02-26 22:21:03,RTX 3060 Ti,
605,USA-TX,True,2021-02-26 22:20:56,,
606,USA-WI,True,2021-02-26 22:16:53,,
607,USA-VA,True,2021-02-26 22:16:34,,
608,USA-RI,True,2021-02-26 22:13:24,RTX 3080,
609,USA-AL,True,2021-02-26 22:11:42,,
610,USA-NC,True,2021-02-26 22:07:25,RTX 3080,
611,USA-ND,True,2021-02-26 22:05:25,,
612,USA-GA,True,2021-02-26 22:03:45,,
613,USA-NY,True,2021-02-26 22:02:25,RTX 3060 Ti,
614,USA-NJ,True,2021-02-26 21:54:13,,
615,USA-GA,True,2021-02-26 21:51:14,,
616,USA-ID,True,2021-02-26 21:51:12,,
617,USA-TX,True,2021-02-26 21:49:39,,
618,USA-KY,True,2021-02-26 21:49:17,,
619,USA-PA,True,2021-02-26 21:47:10,,
620,USA-FL,True,2021-02-26 21:46:28,,
621,USA-FL,True,2021-02-26 21:45:44,,
622,USA-FL,True,2021-02-26 21:45:27,,
623,USA-GA,True,2021-02-26 21:44:33,,
624,USA-FL,True,2021-02-26 21:43:05,,
625,CAN-ON,True,2021-02-26 21:42:31,,
626,USA-FL,True,2021-02-26 21:39:21,,
627,USA-FL,True,2021-02-26 21:37:58,RTX 3080,
628,USA-WA,True,2021-02-26 21:37:02,,
629,USA-TN,True,2021-02-26 21:34:56,,
630,USA-WI,True,2021-02-26 21:34:27,RTX 3080,
631,USA-AK,True,2021-02-26 21:29:27,,
632,USA-CA,True,2021-02-26 21:28:51,,
633,USA-KS,True,2021-02-26 21:26:46,,
634,USA-NJ,True,2021-02-26 21:25:30,,
635,USA-CA,True,2021-02-26 21:24:56,,
636,USA-WI,True,2021-02-26 21:24:47,,
637,USA-TX,True,2021-02-26 21:18:47,RTX 3060 Ti,
638,USA-CA,True,2021-02-26 21:15:13,,
639,USA-SC,True,2021-02-26 21:12:18,,
640,USA-MA,True,2021-02-26 21:10:00,,
641,USA-WV,True,2021-02-26 21:04:01,,
642,USA-TX,True,2021-02-26 21:03:56,,
643,USA-WI,True,2021-02-26 21:01:46,RTX 3080,300
644,USA-WA,True,2021-02-26 21:00:42,,
645,USA-WA,True,2021-02-26 20:59:19,,
646,USA-WI,True,2021-02-26 20:57:56,,
647,USA-TX,True,2021-02-26 20:56:59,,
648,USA-TX,True,2021-02-26 20:55:55,,
649,USA-IL,True,2021-02-26 20:54:03,,
650,USA-TX,True,2021-02-26 20:51:10,RX 6800 XT,
651,USA-ID,True,2021-02-26 20:49:35,,
652,USA-CA,True,2021-02-26 20:48:39,,
653,USA-VA,True,2021-02-26 20:44:01,,
654,USA-NV,True,2021-02-26 20:39:08,,
655,USA-WA,True,2021-02-26 20:38:25,,
656,USA-NY,True,2021-02-26 20:37:53,,
657,USA-IL,True,2021-02-26 20:34:42,,
658,USA-NC,True,2021-02-26 20:34:24,,
659,USA-TX,True,2021-02-26 20:34:19,,
660,USA-OH,True,2021-02-26 20:33:01,,
661,USA-GA,True,2021-02-26 20:32:46,,
662,USA-MD,True,2021-02-26 20:25:55,,
663,USA-NY,True,2021-02-26 20:25:52,,
664,USA-NY,True,2021-02-26 20:24:16,,
665,USA-VA,True,2021-02-26 20:22:19,RTX 3090,"1,590"
666,USA-CA,True,2021-02-26 20:21:49,,
667,USA-CA,True,2021-02-26 20:21:29,,
668,USA-CA,True,2021-02-26 20:19:39,RTX 3090,
669,USA-AL,True,2021-02-26 20:15:30,,
670,USA-NY,True,2021-02-26 20:13:56,,
671,USA-NJ,True,2021-02-26 20:13:50,,
672,USA-CA,True,2021-02-26 20:10:04,,
673,USA-NC,True,2021-02-26 20:10:01,,
674,USA-TN,True,2021-02-26 20:02:01,,
675,USA-VA,True,2021-02-26 19:59:46,,
676,USA-MO,True,2021-02-26 19:56:26,,
677,USA-OH,True,2021-02-26 19:55:01,,
678,USA-KY,True,2021-02-26 19:54:00,RTX 3070,500)
679,USA-CA,True,2021-02-26 19:53:24,,
680,USA-CA,True,2021-02-26 19:52:48,,
681,USA-TX,True,2021-02-26 19:52:22,,
682,USA-TX,True,2021-02-26 19:47:34,,
683,USA-CT,True,2021-02-26 19:46:37,RTX 3080,2000.
684,USA-AZ,True,2021-02-26 19:46:32,,
685,USA-PA,True,2021-02-26 19:45:39,,
686,USA-CA,True,2021-02-26 19:44:30,,
687,USA-NYC,True,2021-02-26 19:42:34,,
688,USA-GA,True,2021-02-26 19:39:42,,
689,USA-NJ,True,2021-02-26 19:37:53,RTX 2070,
690,USA-KS,True,2021-02-26 19:35:13,,
691,USA-MA,True,2021-02-26 19:33:23,,
692,USA-TN,True,2021-02-26 19:32:24,RTX 3080,
693,USA-RI,True,2021-02-26 19:26:45,,
694,USA-CA,True,2021-02-26 19:22:42,,
695,USA-CA,True,2021-02-26 19:17:39,,
696,USA-NC,True,2021-02-26 19:07:01,,
697,USA-CT,True,2021-02-26 19:05:51,,
698,USA-CA,True,2021-02-26 19:04:32,,
699,USA-DE,True,2021-02-26 18:59:06,,
700,USA-NJ,True,2021-02-26 18:58:36,,
701,USA-CA,True,2021-02-26 18:54:04,,
702,USA-FL,True,2021-02-26 18:50:23,,
703,USE-ME,True,2021-02-26 18:47:51,,
704,USA-SC,True,2021-02-26 18:43:47,,
705,USA-VA,True,2021-02-26 18:42:56,,
706,USA-CA,True,2021-02-26 18:39:40,,
707,USA-CA,True,2021-02-26 18:39:25,,
708,USA-GA,True,2021-02-26 18:39:11,,
709,USA-ME,True,2021-02-26 18:34:37,RTX 3070,
710,USA-UT,True,2021-02-26 18:34:14,,
711,USA-TX,True,2021-02-26 18:32:46,,
712,USA-MD,True,2021-02-26 18:29:58,,
713,USA-NY,True,2021-02-26 18:29:33,,
714,USA-KS,True,2021-02-26 18:27:32,RTX 3080,
715,USA-NJ,True,2021-02-26 18:23:03,,
716,USA-MA,True,2021-02-26 18:21:33,,
717,USA-PA,True,2021-02-26 18:21:08,,
718,USA-OH,True,2021-02-26 18:15:39,,
719,USA-IL,True,2021-02-26 18:11:28,,
720,USA-UT,True,2021-02-26 18:09:17,,
721,USA-TX,True,2021-02-26 18:08:36,,
722,USA-UT,True,2021-02-26 18:06:30,,
723,USA-ME,True,2021-02-26 18:04:58,,
724,USA-GA,True,2021-02-26 17:53:45,,
725,USA-CA,True,2021-02-26 17:51:40,,
726,USA-MI,True,2021-02-26 17:50:55,,
727,USA-MI,True,2021-02-26 17:50:19,,
728,USA-CA,True,2021-02-26 17:49:19,,
729,USA-VA,True,2021-02-26 17:48:54,,
730,USA-NJ,True,2021-02-26 17:46:30,,
731,GBR,True,2021-02-26 17:40:54,,
732,USA-IL,True,2021-02-26 17:38:50,RTX 3070,1250
733,USA-MN,True,2021-02-26 17:36:19,,
734,USA-ME,True,2021-02-26 17:35:19,,
735,USA-AZ,True,2021-02-26 17:32:00,,
736,USA-NJ,True,2021-02-26 17:31:41,,
737,USA-CA,True,2021-02-26 17:30:02,,
738,USA-NY,True,2021-02-26 17:25:50,,
739,USA-GA,True,2021-02-26 17:23:50,,
740,USA-VA,True,2021-02-26 17:18:07,,
741,USA-CA,True,2021-02-26 17:16:20,,
742,USA-NC,True,2021-02-26 17:06:30,,
743,USA-CA,True,2021-02-26 17:03:34,,
744,USA-NC,True,2021-02-26 17:00:41,,
745,USA-NY,True,2021-02-26 16:59:03,,
746,USA-TX,True,2021-02-26 16:52:08,RTX 3060 Ti,250
747,USA-OH,True,2021-02-26 16:48:18,,
748,CAN-ON,True,2021-02-26 16:47:15,RTX 3080,
749,USA-CA,True,2021-02-26 16:43:32,,
750,USA-NC,True,2021-02-26 16:41:56,,
751,USA-CA,True,2021-02-26 16:32:16,,
752,USA-VA,True,2021-02-26 16:30:49,,
753,USA-TX,True,2021-02-26 16:29:35,,
754,USA-TX,True,2021-02-26 16:28:01,,
755,USA-NY,True,2021-02-26 16:25:50,,
756,USA-NJ,True,2021-02-26 16:23:12,RTX 3090,
757,USA-NH,True,2021-02-26 16:19:41,,
758,USA-DC,True,2021-02-26 16:16:48,RTX 3080,
759,USA-MA,True,2021-02-26 16:13:05,,
760,USA-CA,True,2021-02-26 16:11:45,,
761,ISR,True,2021-02-26 16:10:14,,
762,USA-RI,True,2021-02-26 16:09:21,,
763,USA-TX,True,2021-02-26 16:00:21,RTX 3080,for
764,USA-MN,True,2021-02-26 15:51:40,,
765,USA-OH,True,2021-02-26 15:51:30,,
766,USA-PA,True,2021-02-26 15:51:09,,
767,USA-WI,True,2021-02-26 15:51:05,,
768,USA-CO,True,2021-02-26 15:51:04,,
769,USA-GA,True,2021-02-26 15:50:50,,
770,USA-IN,True,2021-02-26 15:48:24,,
771,USA-TX,True,2021-02-26 15:40:52,,
772,USA-IL,True,2021-02-26 15:31:21,RTX 2070,
773,USA-IN,True,2021-02-26 15:22:51,,
774,USA-MI,True,2021-02-26 15:16:42,,
775,USA-NY,True,2021-02-26 15:13:48,,
776,USA-IN,True,2021-02-26 15:10:26,,
777,USA-NY,True,2021-02-26 15:06:46,,
778,USA-FL,True,2021-02-26 15:05:01,,
779,USA-NY,True,2021-02-26 15:04:33,,
780,USA-NY,True,2021-02-26 14:59:32,,
781,USA-IL,True,2021-02-26 14:57:40,,
782,USA-NY,True,2021-02-26 14:49:41,RTX 3080,200
783,USA-OH,True,2021-02-26 14:45:09,,
784,USA-TN,True,2021-02-26 14:41:33,,
785,USA-NYC,True,2021-02-26 14:39:25,,
786,USA-IN,True,2021-02-26 14:37:55,RTX 3080,
787,USA-OK,True,2021-02-26 14:36:14,,
788,USA-FL,True,2021-02-26 14:34:58,,
789,USA-PA,True,2021-02-26 14:34:33,,
790,USA-NC,True,2021-02-26 14:34:05,,
791,USA-NY,True,2021-02-26 14:33:57,,
792,USA-NY,True,2021-02-26 14:29:32,,
793,USA-OH,True,2021-02-26 14:28:08,,
794,USA-VA,True,2021-02-26 14:20:48,,
795,USA-MD,True,2021-02-26 14:19:25,,
796,USA-MI,True,2021-02-26 14:17:27,,
797,USA-NJ,True,2021-02-26 14:14:09,RTX 3080,
798,USA-CT,True,2021-02-26 14:13:01,,
799,USA-MI,True,2021-02-26 14:12:04,,
800,USA-OH,True,2021-02-26 14:07:05,RX 6800,
801,USA-NY,True,2021-02-26 14:06:48,,
802,USA-FL,True,2021-02-26 14:02:05,,
803,USA-MO,True,2021-02-26 13:59:45,RTX 3080,
804,USA-FL,True,2021-02-26 13:57:02,,
805,CAN-ON,True,2021-02-26 13:50:58,RTX 3090,
806,USA-MI,True,2021-02-26 13:45:16,,
807,USA-TX,True,2021-02-26 13:42:10,,
808,USA-MA,True,2021-02-26 13:17:55,,
809,USA-CA,True,2021-02-26 13:13:59,,
810,USA-MA,True,2021-02-26 13:13:29,RTX 3070,
811,USA-VA,True,2021-02-26 12:59:03,Quadro,
812,USA-LA,True,2021-02-26 12:43:40,,
813,USA-WA,True,2021-02-26 12:41:12,,
814,USA-OH,True,2021-02-26 12:34:43,,
815,USA-AL,True,2021-02-26 12:32:19,,
816,USA-NJ,True,2021-02-26 12:31:14,,
817,USA-NY,True,2021-02-26 12:28:37,RTX 3080,
818,USA-NY,True,2021-02-26 12:25:04,,
819,USA-MA,True,2021-02-26 12:24:08,,
820,USA-TX,True,2021-02-26 11:58:33,,
821,USA-TX,True,2021-02-26 11:38:36,,
822,USA-TX,True,2021-02-26 11:18:26,,
823,USA-WA,True,2021-02-26 11:06:23,,
824,USA-NJ,True,2021-02-26 11:05:15,,
825,USA-TX,True,2021-02-26 10:33:22,,
826,USA-CA,True,2021-02-26 09:46:21,,
827,USA-CA,True,2021-02-26 09:28:23,,
828,USA-CT,True,2021-02-26 09:16:09,,
829,USA-MA,True,2021-02-26 08:46:59,,
830,USA-CA,True,2021-02-26 08:22:44,,
831,USA-CA,True,2021-02-26 08:14:12,,
832,USA-CA,True,2021-02-26 08:11:38,,
833,USA-OR,True,2021-02-26 07:57:21,,
834,USA-IL,True,2021-02-26 07:53:46,,
835,USA-LA,True,2021-02-26 07:52:42,,
836,USA-MI,True,2021-02-26 07:36:23,,
837,USA-NJ,True,2021-02-26 07:02:53,,
838,USA-CA,True,2021-02-26 06:58:18,,
839,USA-AZ,True,2021-02-26 06:47:46,RTX 3070,
840,USA-SD,True,2021-02-26 06:46:49,,
841,USA-WI,True,2021-02-26 06:39:39,,
842,USA-CA,True,2021-02-26 06:37:16,,
843,USA-CA,True,2021-02-26 06:36:43,,
844,USA-CA,True,2021-02-26 06:31:47,,
845,USA-FL,True,2021-02-26 06:27:13,,
846,USA-TX,True,2021-02-26 06:17:54,,
847,USA-CA,True,2021-02-26 06:02:38,,
848,USA-NV,True,2021-02-26 06:01:52,,
849,USA-FL,True,2021-02-26 05:59:29,RX 6800 XT,
850,USA-IN,True,2021-02-26 05:59:10,,
851,USA-MD,True,2021-02-26 05:59:05,,
852,USA-NY,True,2021-02-26 05:49:32,,
853,USA-CT,True,2021-02-26 05:47:55,,
854,USA-WA,True,2021-02-26 05:47:18,,
855,USA-FL,True,2021-02-26 05:47:17,RTX 3070,750
856,USA-CA,True,2021-02-26 05:42:38,,
857,USA-AL,True,2021-02-26 05:42:07,,
858,USA-MI,True,2021-02-26 05:39:31,RTX 3090,
859,USA-NY,True,2021-02-26 05:37:37,,
860,USA-MA,True,2021-02-26 05:37:11,,
861,USA-GA,True,2021-02-26 05:34:47,,
862,USA-MI,True,2021-02-26 05:30:08,,
863,USA-MD,True,2021-02-26 05:27:03,,
864,USA-WA,True,2021-02-26 05:17:55,,
865,USA-CA,True,2021-02-26 05:13:34,,
866,USA-IL,True,2021-02-26 05:08:09,Quadro,
867,USA-CA,True,2021-02-26 05:03:40,,
868,USA-OH,True,2021-02-26 05:02:44,,
869,USA-CA,True,2021-02-26 04:57:48,,
870,USA-MA,True,2021-02-26 04:52:46,,
871,USA-NJ,True,2021-02-26 04:46:17,,
872,USA-CA,True,2021-02-26 04:44:03,RTX 2070,
873,USA-UT,True,2021-02-26 04:42:22,RTX 3080,
874,USA-FL,True,2021-02-26 04:40:19,,
875,USA-NY,True,2021-02-26 04:40:09,,
876,USA-TX,True,2021-02-26 04:33:36,,
877,USA-CA,True,2021-02-26 04:26:06,,
878,USA-OH,True,2021-02-26 04:24:23,RTX 2070,
879,USA-AK,True,2021-02-26 04:21:40,,
880,WTB-NY,True,2021-02-26 04:13:40,,
881,USA-NC,True,2021-02-26 04:10:14,,
882,USA-WI,True,2021-02-26 04:05:24,,
883,USA-WA,True,2021-02-26 04:03:14,,
884,USA-CA,True,2021-02-26 04:02:03,,
885,USA-FL,True,2021-02-26 04:01:11,,
886,USA-DC,True,2021-02-26 03:59:00,,
887,USA-IL,True,2021-02-26 03:56:04,,
888,USA-TX,True,2021-02-26 03:51:53,RX 6800,
889,USA-WA,True,2021-02-26 03:50:07,,
890,USA-VA,True,2021-02-26 03:49:57,,
891,USA-NY,True,2021-02-26 03:43:34,,
892,USA-VA,True,2021-02-26 03:38:28,,
893,USA-FL,True,2021-02-26 03:28:46,,
894,USA-CA,True,2021-02-26 03:28:43,,
895,USA-NC,True,2021-02-26 03:27:21,,
896,USA-CA,True,2021-02-26 03:24:55,,
897,USA-NM,True,2021-02-26 03:17:05,RTX 3070,850ish
898,USA-CA,True,2021-02-26 03:16:02,,
899,USA-NY,True,2021-02-26 03:06:39,,
900,USA-UT,True,2021-02-26 03:02:54,,
901,USA-FL,True,2021-02-26 03:02:49,,
902,USA-MA,True,2021-02-26 02:50:32,,
903,USA-ID,True,2021-02-26 02:49:26,,
904,USA-MT,True,2021-02-26 02:43:32,,
905,USA-OH,True,2021-02-26 02:43:06,,
906,USA-TX,True,2021-02-26 02:40:02,,
907,USA-OR,True,2021-02-26 02:38:42,,
908,USA-AK,True,2021-02-26 02:36:30,,
909,USA-NY,True,2021-02-26 02:27:53,,
910,USA-NJ,True,2021-02-26 02:27:07,,
911,USA-OR,True,2021-02-26 02:26:35,,
912,USA-CA,True,2021-02-26 02:25:48,RTX 2070,500
913,USA-IN,True,2021-02-26 02:23:42,,
914,USA-OR,True,2021-02-26 02:23:13,,
915,USA-WI,True,2021-02-26 02:18:51,,
916,USA-FL,True,2021-02-26 02:15:36,,
917,USA-TX,True,2021-02-26 02:14:34,,
918,USA-NC,True,2021-02-26 02:13:49,,
919,USA-IL,True,2021-02-26 02:10:22,Quadro,
920,USA-MA,True,2021-02-26 02:10:04,,
921,USA-NY,True,2021-02-26 02:09:53,GeForce GTX 1060,
922,USA-IA,True,2021-02-26 02:09:06,,
923,USA-MA,True,2021-02-26 02:07:09,,
924,USA-PA,True,2021-02-26 02:07:08,RTX 3080,
925,USA-CO,True,2021-02-26 02:04:37,RTX 3060 Ti,1000
926,USA-TX,True,2021-02-26 02:03:51,,
927,USA-TX,True,2021-02-26 02:03:39,,
928,USA-LA,True,2021-02-26 02:01:29,,
929,USA-MI,True,2021-02-26 02:01:21,,
930,USA-WI,True,2021-02-26 02:00:00,,
931,USA-IL,True,2021-02-26 01:58:33,,
932,USA-VA,True,2021-02-26 01:57:20,,
933,USA-NY,True,2021-02-26 01:55:45,,
934,USA-NY,True,2021-02-26 01:51:25,,
935,USA-IL,True,2021-02-26 01:47:50,,
936,USA-MN,True,2021-02-26 01:42:49,,
937,USA-IL,True,2021-02-26 01:42:47,,
938,USA-DE,True,2021-02-26 01:41:14,,
939,USA-CA,True,2021-02-26 01:40:59,,
940,USA-LA,True,2021-02-26 01:39:50,,
941,USA-CA,True,2021-02-26 01:37:26,,
942,USA-GU,True,2021-02-26 01:37:11,,
943,USA-CA,True,2021-02-26 01:29:48,,
944,USA-OK,True,2021-02-26 01:27:29,,
945,USA-TX,True,2021-02-26 01:26:24,,
946,USA-FL,True,2021-02-26 01:22:35,,
947,USA-NY,True,2021-02-26 01:22:02,,
948,USA-MI,True,2021-02-26 01:19:51,RTX 3060 Ti,
949,USA-NJ,True,2021-02-26 01:17:26,,
950,USA-NE,True,2021-02-26 01:10:52,,
951,USA-MA,True,2021-02-26 01:08:32,RTX 3060 Ti,
952,USA-MI,True,2021-02-26 01:04:13,,
953,USA-NV,True,2021-02-26 01:04:12,,
954,USA-CA,True,2021-02-26 01:03:32,,
955,USA-OR,True,2021-02-26 01:00:03,,
956,USA-NY,True,2021-02-26 00:57:25,,
957,USA-CA,True,2021-02-26 00:56:12,,
958,USA-CA,True,2021-02-26 00:55:48,,
959,USA-CT,True,2021-02-26 00:55:31,,
960,USA-UT,True,2021-02-26 00:54:50,,
961,USA-OR,True,2021-02-26 00:54:04,,
962,USA-NY,True,2021-02-26 00:51:44,,
963,USA-MA,True,2021-02-26 00:46:36,RTX 3090,
964,USA-NV,True,2021-02-26 00:42:54,,
965,USA-FL,True,2021-02-26 00:33:55,,
966,USA-TX,True,2021-02-26 00:29:57,RTX 3080,
967,USA-NY,True,2021-02-26 00:28:46,RTX 3070,900
968,USA-AZ,True,2021-02-26 00:25:14,,
969,USA-WA,True,2021-02-26 00:24:14,,
970,USA-ME,True,2021-02-26 00:23:55,,
